{
    "TP-base": 4002,
    "TP-comp": 3711,
    "FP": 796,
    "FN": 3111,
    "precision": 0.8233858442422898,
    "recall": 0.5626318009278786,
    "f1": 0.6684807542225542,
    "base cnt": 7113,
    "comp cnt": 4507,
    "TP-comp_TP-gt": 2949,
    "TP-comp_FP-gt": 762,
    "TP-base_TP-gt": 2953,
    "TP-base_FP-gt": 1049,
    "gt_concordance": 0.7946645109135004,
    "gt_matrix": {
        "(1, 0)": {
            "(0, 1)": 1278,
            "(1, 1)": 404,
            "(1, 0)": 8
        },
        "(1, 1)": {
            "(1, 1)": 442,
            "(0, 1)": 236,
            "(1, 0)": 9
        },
        "(0, 1)": {
            "(0, 1)": 1213,
            "(1, 1)": 400,
            "(1, 0)": 12
        }
    }
}