{
    "TP-base": 4013,
    "TP-comp": 3719,
    "FP": 809,
    "FN": 3214,
    "precision": 0.821333922261484,
    "recall": 0.5552788155527881,
    "f1": 0.6625964078333466,
    "base cnt": 7227,
    "comp cnt": 4528,
    "TP-comp_TP-gt": 2943,
    "TP-comp_FP-gt": 776,
    "TP-base_TP-gt": 2947,
    "TP-base_FP-gt": 1066,
    "gt_concordance": 0.7913417585372412,
    "gt_matrix": {
        "(1, 0)": {
            "(0, 1)": 1259,
            "(1, 1)": 409,
            "(1, 0)": 10
        },
        "(1, 1)": {
            "(1, 1)": 431,
            "(0, 1)": 246,
            "(1, 0)": 6
        },
        "(0, 1)": {
            "(0, 1)": 1236,
            "(1, 1)": 405,
            "(1, 0)": 11
        }
    }
}