{
    "TP-base": 3340,
    "TP-comp": 2996,
    "FP": 533,
    "FN": 2634,
    "precision": 0.8489657126664778,
    "recall": 0.5590893873451623,
    "f1": 0.6741891282064549,
    "base cnt": 5974,
    "comp cnt": 3529,
    "TP-comp_TP-gt": 2332,
    "TP-comp_FP-gt": 664,
    "TP-base_TP-gt": 2334,
    "TP-base_FP-gt": 1006,
    "gt_concordance": 0.7783711615487316,
    "gt_matrix": {
        "(1, 1)": {
            "(0, 1)": 151,
            "(1, 1)": 434,
            "(1, 0)": 4
        },
        "(1, 0)": {
            "(0, 1)": 982,
            "(1, 1)": 424,
            "(1, 0)": 31
        },
        "(0, 1)": {
            "(0, 1)": 875,
            "(1, 1)": 427,
            "(1, 0)": 12
        }
    }
}