{
    "TP": 997,
    "TN": 518,
    "FP": 714,
    "FN": 2076,
    "base P": 3127,
    "base N": 680,
    "comp P": 2653,
    "comp N": 1154,
    "PPV": 0.3758009800226159,
    "TPR": 0.31883594499520307,
    "TNR": 0.7617647058823529,
    "NPV": 0.4488734835355286,
    "ACC": 0.3979511426319937,
    "BA": 0.5403003254387779,
    "F1": 0.34498269896193773,
    "UND": 0
}