{
    "TP-base": 22407,
    "TP-comp": 19024,
    "FP": 1080,
    "FN": 4798,
    "precision": 0.9462793473935536,
    "recall": 0.823635361146848,
    "f1": 0.8807081248327873,
    "base cnt": 27205,
    "comp cnt": 20104
}