{
    "TP-base": 20609,
    "TP-comp": 18529,
    "FP": 1575,
    "FN": 6596,
    "precision": 0.9216573816155988,
    "recall": 0.7575445690130491,
    "f1": 0.8315813874231127,
    "base cnt": 27205,
    "comp cnt": 20104,
    "TP-comp_TP-gt": 15733,
    "TP-comp_FP-gt": 2796,
    "TP-base_TP-gt": 15733,
    "TP-base_FP-gt": 4876,
    "gt_concordance": 0.8491014086027309,
    "gt_matrix": {
        "(1, 1)": {
            "(1, 1)": 4321,
            "(0, 1)": 226
        },
        "(1, 0)": {
            "(0, 1)": 5651,
            "(1, 1)": 2299
        },
        "(0, 1)": {
            "(0, 1)": 5761,
            "(1, 1)": 2351
        }
    }
}