{
    "TP-base": 4072,
    "TP-comp": 3806,
    "FP": 620,
    "FN": 3312,
    "precision": 0.859918662449164,
    "recall": 0.551462621885157,
    "f1": 0.6719842546670247,
    "base cnt": 7384,
    "comp cnt": 4426,
    "TP-comp_TP-gt": 3034,
    "TP-comp_FP-gt": 772,
    "TP-base_TP-gt": 3033,
    "TP-base_FP-gt": 1039,
    "gt_concordance": 0.7971623751970572,
    "gt_matrix": {
        "(0, 1)": {
            "(0, 1)": 1345,
            "(1, 1)": 375,
            "(1, 0)": 9
        },
        "(1, 0)": {
            "(0, 1)": 1306,
            "(1, 1)": 392,
            "(1, 0)": 16
        },
        "(1, 1)": {
            "(1, 1)": 357,
            "(0, 1)": 270,
            "(1, 0)": 2
        }
    }
}