{
    "TP-base": 4147,
    "TP-comp": 3819,
    "FP": 745,
    "FN": 2998,
    "precision": 0.8367659947414549,
    "recall": 0.580405878236529,
    "f1": 0.6853987315396315,
    "base cnt": 7145,
    "comp cnt": 4564,
    "TP-comp_TP-gt": 2976,
    "TP-comp_FP-gt": 843,
    "TP-base_TP-gt": 2976,
    "TP-base_FP-gt": 1171,
    "gt_concordance": 0.779261586802828,
    "gt_matrix": {
        "(0, 1)": {
            "(0, 1)": 1292,
            "(1, 1)": 465,
            "(1, 0)": 9
        },
        "(1, 0)": {
            "(0, 1)": 1279,
            "(1, 1)": 457,
            "(1, 0)": 20
        },
        "(1, 1)": {
            "(1, 1)": 376,
            "(0, 1)": 246,
            "(1, 0)": 3
        }
    }
}