{
    "TP-base": 4103,
    "TP-comp": 3851,
    "FP": 708,
    "FN": 3160,
    "precision": 0.8447027856986181,
    "recall": 0.5649180779292303,
    "f1": 0.6770442839363527,
    "base cnt": 7263,
    "comp cnt": 4559,
    "TP-comp_TP-gt": 3075,
    "TP-comp_FP-gt": 776,
    "TP-base_TP-gt": 3075,
    "TP-base_FP-gt": 1028,
    "gt_concordance": 0.798493897688912,
    "gt_matrix": {
        "(1, 0)": {
            "(0, 1)": 1325,
            "(1, 1)": 366,
            "(1, 0)": 13
        },
        "(1, 1)": {
            "(1, 1)": 387,
            "(0, 1)": 301,
            "(1, 0)": 1
        },
        "(0, 1)": {
            "(0, 1)": 1343,
            "(1, 1)": 360,
            "(1, 0)": 7
        }
    }
}