{
    "TP-base": 4218,
    "TP-comp": 3917,
    "FP": 764,
    "FN": 3052,
    "precision": 0.836787011322367,
    "recall": 0.5801925722145804,
    "f1": 0.68525702718033,
    "base cnt": 7270,
    "comp cnt": 4681,
    "TP-comp_TP-gt": 3086,
    "TP-comp_FP-gt": 831,
    "TP-base_TP-gt": 3086,
    "TP-base_FP-gt": 1132,
    "gt_concordance": 0.7878478427367883,
    "gt_matrix": {
        "(0, 1)": {
            "(0, 1)": 1318,
            "(1, 1)": 422,
            "(1, 0)": 14
        },
        "(1, 1)": {
            "(0, 1)": 263,
            "(1, 1)": 404,
            "(1, 0)": 2
        },
        "(1, 0)": {
            "(0, 1)": 1329,
            "(1, 1)": 445,
            "(1, 0)": 21
        }
    }
}