{
    "TP-base": 21674,
    "TP-comp": 18587,
    "FP": 1211,
    "FN": 5531,
    "precision": 0.93883220527326,
    "recall": 0.7966917845984194,
    "f1": 0.8619413035171303,
    "base cnt": 27205,
    "comp cnt": 19798
}