{
    "TP": 1006,
    "TN": 472,
    "FP": 720,
    "FN": 2472,
    "base P": 3534,
    "base N": 645,
    "comp P": 2858,
    "comp N": 1321,
    "PPV": 0.35199440167949614,
    "TPR": 0.28466327108092815,
    "TNR": 0.7317829457364341,
    "NPV": 0.35730507191521577,
    "ACC": 0.35367312754247426,
    "BA": 0.5082231084086811,
    "F1": 0.31476846057571967,
    "UND": 0
}