{
    "TP-base": 19948,
    "TP-comp": 18016,
    "FP": 1782,
    "FN": 7257,
    "precision": 0.9099909081725427,
    "recall": 0.7332475647858849,
    "f1": 0.8121141616085975,
    "base cnt": 27205,
    "comp cnt": 19798,
    "TP-comp_TP-gt": 15352,
    "TP-comp_FP-gt": 2664,
    "TP-base_TP-gt": 15352,
    "TP-base_FP-gt": 4596,
    "gt_concordance": 0.8521314387211367,
    "gt_matrix": {
        "(1, 1)": {
            "(1, 1)": 4165,
            "(0, 1)": 310
        },
        "(0, 1)": {
            "(0, 1)": 5655,
            "(1, 1)": 2143
        },
        "(1, 0)": {
            "(0, 1)": 5532,
            "(1, 1)": 2143
        }
    }
}