{
    "TP": 1753,
    "TN": 7332,
    "FP": 982,
    "FN": 2320,
    "base P": 4199,
    "base N": 7658,
    "comp P": 3766,
    "comp N": 8091,
    "PPV": 0.46548061603823687,
    "TPR": 0.4174803524648726,
    "TNR": 0.9574301384173414,
    "NPV": 0.9061920652576937,
    "ACC": 0.766214050771696,
    "BA": 0.6874552454411069,
    "F1": 0.4401757689893283,
    "UND": 0
}