{
    "TP-base": 21802,
    "TP-comp": 18175,
    "FP": 1579,
    "FN": 5403,
    "precision": 0.9200668219094866,
    "recall": 0.8013968020584451,
    "f1": 0.85664152119438,
    "base cnt": 27205,
    "comp cnt": 19754
}