{
    "TP-base": 19624,
    "TP-comp": 17586,
    "FP": 2168,
    "FN": 7581,
    "precision": 0.8902500759339881,
    "recall": 0.7213379893401948,
    "f1": 0.7969421139575451,
    "base cnt": 27205,
    "comp cnt": 19754,
    "TP-comp_TP-gt": 14729,
    "TP-comp_FP-gt": 2857,
    "TP-base_TP-gt": 14731,
    "TP-base_FP-gt": 4893,
    "gt_concordance": 0.8375412259752075,
    "gt_matrix": {
        "(1, 1)": {
            "(1, 1)": 4112,
            "(0, 1)": 281
        },
        "(1, 0)": {
            "(0, 1)": 5279,
            "(1, 1)": 2303
        },
        "(0, 1)": {
            "(1, 1)": 2309,
            "(0, 1)": 5340
        }
    }
}