{
    "TP-base": 4144,
    "TP-comp": 3790,
    "FP": 848,
    "FN": 3065,
    "precision": 0.8171625700733075,
    "recall": 0.5748370092939381,
    "f1": 0.674907226770016,
    "base cnt": 7209,
    "comp cnt": 4638,
    "TP-comp_TP-gt": 3000,
    "TP-comp_FP-gt": 790,
    "TP-base_TP-gt": 3001,
    "TP-base_FP-gt": 1143,
    "gt_concordance": 0.7915567282321899,
    "gt_matrix": {
        "(1, 0)": {
            "(0, 1)": 1292,
            "(1, 1)": 467,
            "(1, 0)": 14
        },
        "(1, 1)": {
            "(1, 1)": 458,
            "(0, 1)": 213,
            "(1, 0)": 1
        },
        "(0, 1)": {
            "(0, 1)": 1231,
            "(1, 1)": 462,
            "(1, 0)": 6
        }
    }
}