{
    "TP-base": 4110,
    "TP-comp": 3771,
    "FP": 849,
    "FN": 3070,
    "precision": 0.8162337662337662,
    "recall": 0.5724233983286908,
    "f1": 0.6729253529547382,
    "base cnt": 7180,
    "comp cnt": 4620,
    "TP-comp_TP-gt": 2990,
    "TP-comp_FP-gt": 781,
    "TP-base_TP-gt": 2991,
    "TP-base_FP-gt": 1119,
    "gt_concordance": 0.7928931317952798,
    "gt_matrix": {
        "(1, 0)": {
            "(0, 1)": 1296,
            "(1, 1)": 456,
            "(1, 0)": 13
        },
        "(1, 1)": {
            "(1, 1)": 447,
            "(0, 1)": 219,
            "(1, 0)": 2
        },
        "(0, 1)": {
            "(0, 1)": 1227,
            "(1, 1)": 442,
            "(1, 0)": 8
        }
    }
}