{
    "TP": 1446,
    "TN": 6718,
    "FP": 688,
    "FN": 2669,
    "base P": 4173,
    "base N": 6931,
    "comp P": 3098,
    "comp N": 8006,
    "PPV": 0.46675274370561654,
    "TPR": 0.3465132997843278,
    "TNR": 0.9692685038234021,
    "NPV": 0.839120659505371,
    "ACC": 0.7352305475504323,
    "BA": 0.657890901803865,
    "F1": 0.3977444643102737,
    "UND": 0
}