{
    "TP-base": 21939,
    "TP-comp": 18722,
    "FP": 1213,
    "FN": 5266,
    "precision": 0.9391522447955857,
    "recall": 0.8064326410586289,
    "f1": 0.867747001322165,
    "base cnt": 27205,
    "comp cnt": 19935
}