{
    "TP-base": 20921,
    "TP-comp": 18335,
    "FP": 1600,
    "FN": 6284,
    "precision": 0.9197391522447956,
    "recall": 0.7690130490718617,
    "f1": 0.8376497265461336,
    "base cnt": 27205,
    "comp cnt": 19935,
    "TP-comp_TP-gt": 15089,
    "TP-comp_FP-gt": 3246,
    "TP-base_TP-gt": 15090,
    "TP-base_FP-gt": 5831,
    "gt_concordance": 0.8229615489500954,
    "gt_matrix": {
        "(1, 1)": {
            "(1, 1)": 4532,
            "(0, 1)": 107
        },
        "(1, 0)": {
            "(0, 1)": 5281,
            "(1, 1)": 2861
        },
        "(0, 1)": {
            "(0, 1)": 5277,
            "(1, 1)": 2863
        }
    }
}