{
    "TP-base": 22004,
    "TP-comp": 18574,
    "FP": 1124,
    "FN": 5201,
    "precision": 0.9429383693776018,
    "recall": 0.8088219077375483,
    "f1": 0.8707460955273068,
    "base cnt": 27205,
    "comp cnt": 19698
}