{
    "TP": 1584,
    "TN": 6937,
    "FP": 722,
    "FN": 2583,
    "base P": 4247,
    "base N": 7169,
    "comp P": 3100,
    "comp N": 8316,
    "PPV": 0.5109677419354839,
    "TPR": 0.37296915469743347,
    "TNR": 0.967638443297531,
    "NPV": 0.8341750841750841,
    "ACC": 0.7464085494043448,
    "BA": 0.6703037989974823,
    "F1": 0.43119640669661086,
    "UND": 0
}