{
    "TP-base": 20757,
    "TP-comp": 18169,
    "FP": 1529,
    "FN": 6448,
    "precision": 0.9223779063864351,
    "recall": 0.7629847454512039,
    "f1": 0.8351440223820339,
    "base cnt": 27205,
    "comp cnt": 19698,
    "TP-comp_TP-gt": 14897,
    "TP-comp_FP-gt": 3272,
    "TP-base_TP-gt": 14897,
    "TP-base_FP-gt": 5860,
    "gt_concordance": 0.819913038692278,
    "gt_matrix": {
        "(1, 1)": {
            "(1, 1)": 4528,
            "(0, 1)": 115
        },
        "(0, 1)": {
            "(0, 1)": 5180,
            "(1, 1)": 2875
        },
        "(1, 0)": {
            "(1, 1)": 2870,
            "(0, 1)": 5189
        }
    }
}