{
    "TP-base": 4746,
    "TP-comp": 4602,
    "FP": 514,
    "FN": 987,
    "precision": 0.8995308835027365,
    "recall": 0.8278388278388278,
    "f1": 0.8621971165922367,
    "base cnt": 5733,
    "comp cnt": 5116,
    "TP-comp_TP-gt": 4074,
    "TP-comp_FP-gt": 528,
    "TP-base_TP-gt": 4074,
    "TP-base_FP-gt": 672,
    "gt_concordance": 0.8852672750977836,
    "gt_matrix": {
        "(1, 0)": {
            "(1, 0)": 754,
            "(0, 1)": 1050,
            "(1, 1)": 265
        },
        "(0, 1)": {
            "(0, 1)": 1111,
            "(1, 0)": 654,
            "(1, 1)": 274
        },
        "(1, 1)": {
            "(1, 1)": 505,
            "(0, 1)": 84,
            "(1, 0)": 49
        }
    }
}