{
    "TP-base": 4081,
    "TP-comp": 3784,
    "FP": 739,
    "FN": 3051,
    "precision": 0.8366128675657749,
    "recall": 0.5722097588334268,
    "f1": 0.6796001685610421,
    "base cnt": 7132,
    "comp cnt": 4523,
    "TP-comp_TP-gt": 2964,
    "TP-comp_FP-gt": 820,
    "TP-base_TP-gt": 2966,
    "TP-base_FP-gt": 1115,
    "gt_concordance": 0.7832980972515856,
    "gt_matrix": {
        "(1, 0)": {
            "(0, 1)": 1276,
            "(1, 1)": 418,
            "(1, 0)": 10
        },
        "(0, 1)": {
            "(0, 1)": 1288,
            "(1, 1)": 410,
            "(1, 0)": 13
        },
        "(1, 1)": {
            "(1, 1)": 379,
            "(0, 1)": 273,
            "(1, 0)": 14
        }
    }
}