{
    "TP": 1045,
    "TN": 527,
    "FP": 847,
    "FN": 2313,
    "base P": 3431,
    "base N": 782,
    "comp P": 3017,
    "comp N": 1196,
    "PPV": 0.3463705667882002,
    "TPR": 0.3045759253861848,
    "TNR": 0.6739130434782609,
    "NPV": 0.4406354515050167,
    "ACC": 0.3731307856634227,
    "BA": 0.4892444844322228,
    "F1": 0.32413151364764264,
    "UND": 0
}