{
    "TP-base": 21988,
    "TP-comp": 18751,
    "FP": 1267,
    "FN": 5217,
    "precision": 0.9367069637326406,
    "recall": 0.808233780555045,
    "f1": 0.8677408823746868,
    "base cnt": 27205,
    "comp cnt": 20018
}