{
    "TP-base": 20117,
    "TP-comp": 18211,
    "FP": 1807,
    "FN": 7088,
    "precision": 0.9097312418823059,
    "recall": 0.7394596581510752,
    "f1": 0.8158055603120619,
    "base cnt": 27205,
    "comp cnt": 20018,
    "TP-comp_TP-gt": 15544,
    "TP-comp_FP-gt": 2667,
    "TP-base_TP-gt": 15546,
    "TP-base_FP-gt": 4571,
    "gt_concordance": 0.8535500521662731,
    "gt_matrix": {
        "(1, 1)": {
            "(1, 1)": 4186,
            "(0, 1)": 304
        },
        "(1, 0)": {
            "(0, 1)": 5608,
            "(1, 1)": 2123
        },
        "(0, 1)": {
            "(0, 1)": 5752,
            "(1, 1)": 2144
        }
    }
}