{
    "TP-base": 4803,
    "TP-comp": 4683,
    "FP": 512,
    "FN": 856,
    "precision": 0.9014436958614052,
    "recall": 0.8487365258879661,
    "f1": 0.8742964652454852,
    "base cnt": 5659,
    "comp cnt": 5195,
    "TP-comp_TP-gt": 4211,
    "TP-comp_FP-gt": 472,
    "TP-base_TP-gt": 4212,
    "TP-base_FP-gt": 591,
    "gt_concordance": 0.8992099081785181,
    "gt_matrix": {
        "(1, 0)": {
            "(1, 0)": 746,
            "(0, 1)": 1106,
            "(1, 1)": 234
        },
        "(0, 1)": {
            "(0, 1)": 1098,
            "(1, 1)": 233,
            "(1, 0)": 758
        },
        "(1, 1)": {
            "(1, 1)": 504,
            "(1, 0)": 47,
            "(0, 1)": 77
        }
    }
}