{
    "TP-base": 22015,
    "TP-comp": 18794,
    "FP": 1026,
    "FN": 5190,
    "precision": 0.948234106962664,
    "recall": 0.8092262451755192,
    "f1": 0.8732327019396967,
    "base cnt": 27205,
    "comp cnt": 19820
}