{
    "TP": 968,
    "TN": 487,
    "FP": 657,
    "FN": 2292,
    "base P": 3312,
    "base N": 635,
    "comp P": 2706,
    "comp N": 1241,
    "PPV": 0.35772357723577236,
    "TPR": 0.2922705314009662,
    "TNR": 0.7669291338582677,
    "NPV": 0.39242546333601935,
    "ACC": 0.36863440587788193,
    "BA": 0.529599832629617,
    "F1": 0.3217015619807245,
    "UND": 0
}