{
    "TP-base": 20296,
    "TP-comp": 18319,
    "FP": 1501,
    "FN": 6909,
    "precision": 0.9242684157416751,
    "recall": 0.7460393310053299,
    "f1": 0.8256449649978393,
    "base cnt": 27205,
    "comp cnt": 19820,
    "TP-comp_TP-gt": 15575,
    "TP-comp_FP-gt": 2744,
    "TP-base_TP-gt": 15576,
    "TP-base_FP-gt": 4720,
    "gt_concordance": 0.850210164310279,
    "gt_matrix": {
        "(1, 1)": {
            "(1, 1)": 4222,
            "(0, 1)": 310
        },
        "(1, 0)": {
            "(0, 1)": 5606,
            "(1, 1)": 2197
        },
        "(0, 1)": {
            "(0, 1)": 5748,
            "(1, 1)": 2213
        }
    }
}