{
    "TP-base": 3918,
    "TP-comp": 3603,
    "FP": 676,
    "FN": 3004,
    "precision": 0.8420191633559243,
    "recall": 0.5660213811037272,
    "f1": 0.6769703495170661,
    "base cnt": 6922,
    "comp cnt": 4279,
    "TP-comp_TP-gt": 2798,
    "TP-comp_FP-gt": 805,
    "TP-base_TP-gt": 2798,
    "TP-base_FP-gt": 1120,
    "gt_concordance": 0.7765750763252844,
    "gt_matrix": {
        "(0, 1)": {
            "(0, 1)": 1221,
            "(1, 1)": 430,
            "(1, 0)": 13
        },
        "(1, 0)": {
            "(0, 1)": 1173,
            "(1, 1)": 435,
            "(1, 0)": 14
        },
        "(1, 1)": {
            "(1, 1)": 377,
            "(0, 1)": 254,
            "(1, 0)": 1
        }
    }
}