{
    "TP-base": 3575,
    "TP-comp": 3219,
    "FP": 630,
    "FN": 2890,
    "precision": 0.8363211223694466,
    "recall": 0.5529775715390565,
    "f1": 0.665755787869663,
    "base cnt": 6465,
    "comp cnt": 3849,
    "TP-comp_TP-gt": 2532,
    "TP-comp_FP-gt": 687,
    "TP-base_TP-gt": 2532,
    "TP-base_FP-gt": 1043,
    "gt_concordance": 0.7865796831314072,
    "gt_matrix": {
        "(1, 0)": {
            "(0, 1)": 1040,
            "(1, 1)": 431,
            "(1, 0)": 23
        },
        "(0, 1)": {
            "(0, 1)": 981,
            "(1, 1)": 450,
            "(1, 0)": 25
        },
        "(1, 1)": {
            "(1, 1)": 463,
            "(0, 1)": 158,
            "(1, 0)": 4
        }
    }
}