{
    "TP-base": 21553,
    "TP-comp": 18661,
    "FP": 1005,
    "FN": 5652,
    "precision": 0.9488965727651785,
    "recall": 0.7922440727807388,
    "f1": 0.8635232166663522,
    "base cnt": 27205,
    "comp cnt": 19666
}