{
    "TP": 920,
    "TN": 487,
    "FP": 628,
    "FN": 2635,
    "base P": 3601,
    "base N": 630,
    "comp P": 2894,
    "comp N": 1337,
    "PPV": 0.3178991015894955,
    "TPR": 0.2554845876145515,
    "TNR": 0.773015873015873,
    "NPV": 0.3642483171278983,
    "ACC": 0.3325454975183172,
    "BA": 0.5142502303152123,
    "F1": 0.28329484218629714,
    "UND": 0
}