{
    "TP-base": 19950,
    "TP-comp": 18201,
    "FP": 1465,
    "FN": 7255,
    "precision": 0.9255059493542154,
    "recall": 0.7333210806836978,
    "f1": 0.8182806412843576,
    "base cnt": 27205,
    "comp cnt": 19666,
    "TP-comp_TP-gt": 15589,
    "TP-comp_FP-gt": 2612,
    "TP-base_TP-gt": 15590,
    "TP-base_FP-gt": 4360,
    "gt_concordance": 0.8564914015713422,
    "gt_matrix": {
        "(1, 1)": {
            "(1, 1)": 4105,
            "(0, 1)": 431
        },
        "(1, 0)": {
            "(0, 1)": 5668,
            "(1, 1)": 1959
        },
        "(0, 1)": {
            "(0, 1)": 5817,
            "(1, 1)": 1970
        }
    }
}