{
    "TP-base": 20571,
    "TP-comp": 17527,
    "FP": 1140,
    "FN": 6634,
    "precision": 0.9389296619703219,
    "recall": 0.756147766954604,
    "f1": 0.8376839371598337,
    "base cnt": 27205,
    "comp cnt": 18667
}