{
    "TP": 1375,
    "TN": 6745,
    "FP": 639,
    "FN": 3534,
    "base P": 4981,
    "base N": 6942,
    "comp P": 2999,
    "comp N": 8924,
    "PPV": 0.458486162054018,
    "TPR": 0.27604898614735995,
    "TNR": 0.9716220109478536,
    "NPV": 0.7558269834155087,
    "ACC": 0.6810366518493668,
    "BA": 0.6238354985476068,
    "F1": 0.34461152882205515,
    "UND": 0
}