{
    "TP-base": 19602,
    "TP-comp": 17158,
    "FP": 1509,
    "FN": 7603,
    "precision": 0.9191621578186104,
    "recall": 0.720529314464253,
    "f1": 0.8078145073627317,
    "base cnt": 27205,
    "comp cnt": 18667,
    "TP-comp_TP-gt": 14064,
    "TP-comp_FP-gt": 3094,
    "TP-base_TP-gt": 14062,
    "TP-base_FP-gt": 5540,
    "gt_concordance": 0.8196759529082643,
    "gt_matrix": {
        "(1, 1)": {
            "(1, 1)": 4453,
            "(0, 1)": 102
        },
        "(0, 1)": {
            "(0, 1)": 4824,
            "(1, 1)": 2717
        },
        "(1, 0)": {
            "(1, 1)": 2721,
            "(0, 1)": 4785
        }
    }
}