{
    "TP-base": 21200,
    "TP-comp": 17857,
    "FP": 1539,
    "FN": 6005,
    "precision": 0.9206537430398021,
    "recall": 0.7792685168167616,
    "f1": 0.8440815133522193,
    "base cnt": 27205,
    "comp cnt": 19396
}