{
    "TP": 1687,
    "TN": 7347,
    "FP": 927,
    "FN": 2613,
    "base P": 4424,
    "base N": 7642,
    "comp P": 3760,
    "comp N": 8306,
    "PPV": 0.4486702127659574,
    "TPR": 0.3813291139240506,
    "TNR": 0.9613975399110181,
    "NPV": 0.884541295449073,
    "ACC": 0.7487153986408089,
    "BA": 0.6713633269175343,
    "F1": 0.41226783968719444,
    "UND": 0
}