{
    "TP-base": 19194,
    "TP-comp": 17285,
    "FP": 2111,
    "FN": 8011,
    "precision": 0.8911631264178181,
    "recall": 0.7055320713104208,
    "f1": 0.787556907982944,
    "base cnt": 27205,
    "comp cnt": 19396,
    "TP-comp_TP-gt": 14408,
    "TP-comp_FP-gt": 2877,
    "TP-base_TP-gt": 14408,
    "TP-base_FP-gt": 4786,
    "gt_concordance": 0.8335551055828754,
    "gt_matrix": {
        "(1, 1)": {
            "(0, 1)": 419,
            "(1, 1)": 3955
        },
        "(1, 0)": {
            "(0, 1)": 5187,
            "(1, 1)": 2169
        },
        "(0, 1)": {
            "(1, 1)": 2198,
            "(0, 1)": 5266
        }
    }
}