{
    "TP-base": 4738,
    "TP-comp": 4601,
    "FP": 508,
    "FN": 962,
    "precision": 0.9005676257584655,
    "recall": 0.8312280701754386,
    "f1": 0.8645097009760164,
    "base cnt": 5700,
    "comp cnt": 5109,
    "TP-comp_TP-gt": 4074,
    "TP-comp_FP-gt": 527,
    "TP-base_TP-gt": 4074,
    "TP-base_FP-gt": 664,
    "gt_concordance": 0.8854596826776787,
    "gt_matrix": {
        "(1, 0)": {
            "(1, 0)": 742,
            "(0, 1)": 1048,
            "(1, 1)": 255
        },
        "(0, 1)": {
            "(0, 1)": 1116,
            "(1, 0)": 662,
            "(1, 1)": 276
        },
        "(1, 1)": {
            "(1, 1)": 506,
            "(0, 1)": 83,
            "(1, 0)": 50
        }
    }
}