{
    "TP-base": 3102,
    "TP-comp": 2754,
    "FP": 450,
    "FN": 2615,
    "precision": 0.8595505617977528,
    "recall": 0.5425922686723806,
    "f1": 0.6652467626398441,
    "base cnt": 5717,
    "comp cnt": 3204,
    "TP-comp_TP-gt": 2076,
    "TP-comp_FP-gt": 678,
    "TP-base_TP-gt": 2078,
    "TP-base_FP-gt": 1024,
    "gt_concordance": 0.7538126361655774,
    "gt_matrix": {
        "(1, 1)": {
            "(0, 1)": 148,
            "(1, 1)": 401,
            "(1, 0)": 8
        },
        "(0, 1)": {
            "(0, 1)": 836,
            "(1, 1)": 432,
            "(1, 0)": 15
        },
        "(1, 0)": {
            "(1, 1)": 436,
            "(0, 1)": 798,
            "(1, 0)": 28
        }
    }
}