{
    "TP-base": 3154,
    "TP-comp": 2797,
    "FP": 449,
    "FN": 2576,
    "precision": 0.8616759088108441,
    "recall": 0.55043630017452,
    "f1": 0.6717563890140886,
    "base cnt": 5730,
    "comp cnt": 3246,
    "TP-comp_TP-gt": 2128,
    "TP-comp_FP-gt": 669,
    "TP-base_TP-gt": 2131,
    "TP-base_FP-gt": 1023,
    "gt_concordance": 0.7608151590990346,
    "gt_matrix": {
        "(1, 0)": {
            "(0, 1)": 824,
            "(1, 1)": 430,
            "(1, 0)": 23
        },
        "(1, 1)": {
            "(0, 1)": 155,
            "(1, 1)": 406,
            "(1, 0)": 5
        },
        "(0, 1)": {
            "(0, 1)": 859,
            "(1, 1)": 433,
            "(1, 0)": 19
        }
    }
}