{
    "TP": 1410,
    "TN": 6875,
    "FP": 528,
    "FN": 3722,
    "base P": 5192,
    "base N": 7040,
    "comp P": 2862,
    "comp N": 9370,
    "PPV": 0.49266247379454925,
    "TPR": 0.27157164869029277,
    "TNR": 0.9765625,
    "NPV": 0.7337246531483458,
    "ACC": 0.677321778940484,
    "BA": 0.6240670743451464,
    "F1": 0.3501365780978396,
    "UND": 0
}