{
    "TP-base": 20371,
    "TP-comp": 17286,
    "FP": 819,
    "FN": 6834,
    "precision": 0.9547638773819387,
    "recall": 0.7487961771733137,
    "f1": 0.839328839127319,
    "base cnt": 27205,
    "comp cnt": 18105
}