{
    "TP-base": 19380,
    "TP-comp": 16962,
    "FP": 1143,
    "FN": 7825,
    "precision": 0.9368682684341342,
    "recall": 0.7123690498070208,
    "f1": 0.809338899620006,
    "base cnt": 27205,
    "comp cnt": 18105,
    "TP-comp_TP-gt": 13903,
    "TP-comp_FP-gt": 3059,
    "TP-base_TP-gt": 13903,
    "TP-base_FP-gt": 5477,
    "gt_concordance": 0.8196557009786581,
    "gt_matrix": {
        "(1, 1)": {
            "(1, 1)": 4457,
            "(0, 1)": 105
        },
        "(1, 0)": {
            "(1, 1)": 2693,
            "(0, 1)": 4710
        },
        "(0, 1)": {
            "(0, 1)": 4736,
            "(1, 1)": 2679
        }
    }
}