{
    "TP": 2278,
    "TN": 4642,
    "FP": 892,
    "FN": 875,
    "base P": 3370,
    "base N": 5121,
    "comp P": 3439,
    "comp N": 5052,
    "PPV": 0.6624018610061064,
    "TPR": 0.6759643916913947,
    "TNR": 0.9064635813317712,
    "NPV": 0.9188440221694378,
    "ACC": 0.8149805676598751,
    "BA": 0.7912139865115829,
    "F1": 0.669114407401968,
    "UND": 0
}