{
    "TP-base": 24954,
    "TP-comp": 21402,
    "FP": 1213,
    "FN": 2251,
    "precision": 0.9463630333849216,
    "recall": 0.9172578570115788,
    "f1": 0.9315831695500514,
    "base cnt": 27205,
    "comp cnt": 22615
}