{
    "TP-base": 21403,
    "TP-comp": 20115,
    "FP": 2500,
    "FN": 5802,
    "precision": 0.8894539022772496,
    "recall": 0.7867303804447712,
    "f1": 0.834944479720689,
    "base cnt": 27205,
    "comp cnt": 22615,
    "TP-comp_TP-gt": 18321,
    "TP-comp_FP-gt": 1794,
    "TP-base_TP-gt": 18323,
    "TP-base_FP-gt": 3080,
    "gt_concordance": 0.9108128262490679,
    "gt_matrix": {
        "(1, 1)": {
            "(1, 1)": 4406,
            "(0, 1)": 109,
            "(1, 0)": 48
        },
        "(1, 0)": {
            "(0, 1)": 5398,
            "(1, 1)": 1462,
            "(1, 0)": 1510
        },
        "(0, 1)": {
            "(1, 0)": 1547,
            "(0, 1)": 5462,
            "(1, 1)": 1461
        }
    }
}