{
    "TP-base": 20434,
    "TP-comp": 17226,
    "FP": 1003,
    "FN": 6771,
    "precision": 0.9449777826540129,
    "recall": 0.7511119279544202,
    "f1": 0.8369652616414138,
    "base cnt": 27205,
    "comp cnt": 18229
}