{
    "TP": 1486,
    "TN": 6925,
    "FP": 654,
    "FN": 3622,
    "base P": 5182,
    "base N": 7141,
    "comp P": 2985,
    "comp N": 9338,
    "PPV": 0.497822445561139,
    "TPR": 0.28676186800463144,
    "TNR": 0.9697521355552443,
    "NPV": 0.7415934889698008,
    "ACC": 0.6825448348616409,
    "BA": 0.6282570017799378,
    "F1": 0.36390351414227995,
    "UND": 0
}