{
    "TP-base": 19218,
    "TP-comp": 16838,
    "FP": 1391,
    "FN": 7987,
    "precision": 0.9236930166218662,
    "recall": 0.7064142620841757,
    "f1": 0.8005729797700134,
    "base cnt": 27205,
    "comp cnt": 18229,
    "TP-comp_TP-gt": 13818,
    "TP-comp_FP-gt": 3020,
    "TP-base_TP-gt": 13817,
    "TP-base_FP-gt": 5401,
    "gt_concordance": 0.8206437819218434,
    "gt_matrix": {
        "(1, 1)": {
            "(1, 1)": 4444,
            "(0, 1)": 104
        },
        "(0, 1)": {
            "(0, 1)": 4723,
            "(1, 1)": 2642
        },
        "(1, 0)": {
            "(1, 1)": 2655,
            "(0, 1)": 4650
        }
    }
}