{
    "TP": 1001,
    "TN": 494,
    "FP": 803,
    "FN": 2592,
    "base P": 3658,
    "base N": 739,
    "comp P": 3069,
    "comp N": 1328,
    "PPV": 0.32616487455197135,
    "TPR": 0.2736468015308912,
    "TNR": 0.6684709066305818,
    "NPV": 0.37198795180722893,
    "ACC": 0.3400045485558335,
    "BA": 0.47105885408073656,
    "F1": 0.2976066597294485,
    "UND": 0
}