{
    "TP-base": 21562,
    "TP-comp": 18565,
    "FP": 1218,
    "FN": 5643,
    "precision": 0.9384319870595966,
    "recall": 0.7925748943208969,
    "f1": 0.8593583780301783,
    "base cnt": 27205,
    "comp cnt": 19783
}