{
    "TP-base": 19809,
    "TP-comp": 18052,
    "FP": 1731,
    "FN": 7396,
    "precision": 0.9125006318556336,
    "recall": 0.7281382098878882,
    "f1": 0.8099608027015084,
    "base cnt": 27205,
    "comp cnt": 19783,
    "TP-comp_TP-gt": 15494,
    "TP-comp_FP-gt": 2558,
    "TP-base_TP-gt": 15497,
    "TP-base_FP-gt": 4312,
    "gt_concordance": 0.8582982495014403,
    "gt_matrix": {
        "(1, 1)": {
            "(1, 1)": 4102,
            "(0, 1)": 400
        },
        "(1, 0)": {
            "(0, 1)": 5637,
            "(1, 1)": 1950
        },
        "(0, 1)": {
            "(0, 1)": 5758,
            "(1, 1)": 1962
        }
    }
}