{
    "TP-base": 24685,
    "TP-comp": 21219,
    "FP": 1191,
    "FN": 2520,
    "precision": 0.9468540829986614,
    "recall": 0.9073699687557434,
    "f1": 0.9266916356670569,
    "base cnt": 27205,
    "comp cnt": 22410
}