{
    "TP": 2262,
    "TN": 4587,
    "FP": 845,
    "FN": 935,
    "base P": 3381,
    "base N": 5054,
    "comp P": 3393,
    "comp N": 5042,
    "PPV": 0.6666666666666666,
    "TPR": 0.6690328305235137,
    "TNR": 0.907597942223981,
    "NPV": 0.9097580325267751,
    "ACC": 0.8119739181979846,
    "BA": 0.7883153863737473,
    "F1": 0.6678476527900797,
    "UND": 0
}