{
    "TP-base": 21329,
    "TP-comp": 19919,
    "FP": 2491,
    "FN": 5876,
    "precision": 0.8888442659526997,
    "recall": 0.7840102922256939,
    "f1": 0.8331424262627317,
    "base cnt": 27205,
    "comp cnt": 22410,
    "TP-comp_TP-gt": 18033,
    "TP-comp_FP-gt": 1886,
    "TP-base_TP-gt": 18034,
    "TP-base_FP-gt": 3295,
    "gt_concordance": 0.9053165319544154,
    "gt_matrix": {
        "(1, 1)": {
            "(1, 1)": 4440,
            "(0, 1)": 66,
            "(1, 0)": 52
        },
        "(1, 0)": {
            "(0, 1)": 5306,
            "(1, 1)": 1583,
            "(1, 0)": 1452
        },
        "(0, 1)": {
            "(0, 1)": 5355,
            "(1, 1)": 1594,
            "(1, 0)": 1481
        }
    }
}