{
    "TP-base": 3994,
    "TP-comp": 3651,
    "FP": 752,
    "FN": 2726,
    "precision": 0.8292073586191233,
    "recall": 0.5943452380952381,
    "f1": 0.6924021579902252,
    "base cnt": 6720,
    "comp cnt": 4403,
    "TP-comp_TP-gt": 2822,
    "TP-comp_FP-gt": 829,
    "TP-base_TP-gt": 2822,
    "TP-base_FP-gt": 1172,
    "gt_concordance": 0.7729389208436045,
    "gt_matrix": {
        "(1, 0)": {
            "(0, 1)": 1188,
            "(1, 1)": 456,
            "(1, 0)": 30
        },
        "(0, 1)": {
            "(0, 1)": 1211,
            "(1, 1)": 482,
            "(1, 0)": 15
        },
        "(1, 1)": {
            "(0, 1)": 230,
            "(1, 1)": 378,
            "(1, 0)": 4
        }
    }
}