{
    "TP-base": 3377,
    "TP-comp": 3025,
    "FP": 537,
    "FN": 2560,
    "precision": 0.8492419988770353,
    "recall": 0.5688057941721408,
    "f1": 0.6812940607268189,
    "base cnt": 5937,
    "comp cnt": 3562,
    "TP-comp_TP-gt": 2384,
    "TP-comp_FP-gt": 641,
    "TP-base_TP-gt": 2387,
    "TP-base_FP-gt": 990,
    "gt_concordance": 0.7880991735537191,
    "gt_matrix": {
        "(1, 1)": {
            "(0, 1)": 135,
            "(1, 1)": 449,
            "(1, 0)": 5
        },
        "(1, 0)": {
            "(0, 1)": 971,
            "(1, 1)": 429,
            "(1, 0)": 29
        },
        "(0, 1)": {
            "(0, 1)": 926,
            "(1, 1)": 421,
            "(1, 0)": 12
        }
    }
}