{
    "TP-base": 3471,
    "TP-comp": 3128,
    "FP": 622,
    "FN": 2616,
    "precision": 0.8341333333333333,
    "recall": 0.5702316412025629,
    "f1": 0.6773869019420967,
    "base cnt": 6087,
    "comp cnt": 3750,
    "TP-comp_TP-gt": 2395,
    "TP-comp_FP-gt": 733,
    "TP-base_TP-gt": 2396,
    "TP-base_FP-gt": 1075,
    "gt_concordance": 0.7656649616368286,
    "gt_matrix": {
        "(0, 1)": {
            "(0, 1)": 911,
            "(1, 1)": 456,
            "(1, 0)": 20
        },
        "(1, 0)": {
            "(0, 1)": 1015,
            "(1, 1)": 425,
            "(1, 0)": 19
        },
        "(1, 1)": {
            "(1, 1)": 431,
            "(0, 1)": 187,
            "(1, 0)": 7
        }
    }
}