{
    "TP-base": 3258,
    "TP-comp": 2926,
    "FP": 558,
    "FN": 2682,
    "precision": 0.8398392652123995,
    "recall": 0.5484848484848485,
    "f1": 0.6635901625376522,
    "base cnt": 5940,
    "comp cnt": 3484,
    "TP-comp_TP-gt": 2232,
    "TP-comp_FP-gt": 694,
    "TP-base_TP-gt": 2234,
    "TP-base_FP-gt": 1024,
    "gt_concordance": 0.7628161312371838,
    "gt_matrix": {
        "(0, 1)": {
            "(0, 1)": 882,
            "(1, 1)": 425,
            "(1, 0)": 16
        },
        "(1, 1)": {
            "(1, 1)": 433,
            "(0, 1)": 158,
            "(1, 0)": 11
        },
        "(1, 0)": {
            "(1, 1)": 430,
            "(0, 1)": 885,
            "(1, 0)": 18
        }
    }
}