{
    "TP-base": 20886,
    "TP-comp": 17691,
    "FP": 811,
    "FN": 6319,
    "precision": 0.956166900875581,
    "recall": 0.767726520860136,
    "f1": 0.8516474149912573,
    "base cnt": 27205,
    "comp cnt": 18502
}