{
    "TP": 1431,
    "TN": 6879,
    "FP": 526,
    "FN": 3387,
    "base P": 4875,
    "base N": 7053,
    "comp P": 2865,
    "comp N": 9063,
    "PPV": 0.49947643979057593,
    "TPR": 0.2935384615384615,
    "TNR": 0.9753296469587409,
    "NPV": 0.7590201919894075,
    "ACC": 0.6966800804828974,
    "BA": 0.6344340542486012,
    "F1": 0.36976744186046506,
    "UND": 0
}