{
    "TP-base": 19865,
    "TP-comp": 17367,
    "FP": 1135,
    "FN": 7340,
    "precision": 0.9386552805102151,
    "recall": 0.7301966550266495,
    "f1": 0.8214065387786107,
    "base cnt": 27205,
    "comp cnt": 18502,
    "TP-comp_TP-gt": 14247,
    "TP-comp_FP-gt": 3120,
    "TP-base_TP-gt": 14247,
    "TP-base_FP-gt": 5618,
    "gt_concordance": 0.8203489376403524,
    "gt_matrix": {
        "(1, 1)": {
            "(1, 1)": 4487,
            "(0, 1)": 99
        },
        "(1, 0)": {
            "(1, 1)": 2759,
            "(0, 1)": 4875
        },
        "(0, 1)": {
            "(0, 1)": 4885,
            "(1, 1)": 2760
        }
    }
}