{
    "TP": 1743,
    "TN": 7312,
    "FP": 983,
    "FN": 2319,
    "base P": 4191,
    "base N": 7634,
    "comp P": 3753,
    "comp N": 8072,
    "PPV": 0.4644284572342126,
    "TPR": 0.41589119541875447,
    "TNR": 0.9578202777050039,
    "NPV": 0.9058473736372646,
    "ACC": 0.7657505285412262,
    "BA": 0.6868557365618791,
    "F1": 0.438821752265861,
    "UND": 0
}