{
    "TP-base": 21791,
    "TP-comp": 18183,
    "FP": 1606,
    "FN": 5414,
    "precision": 0.9188438021122846,
    "recall": 0.8009924646204741,
    "f1": 0.85588026708304,
    "base cnt": 27205,
    "comp cnt": 19789
}