{
    "TP-base": 19646,
    "TP-comp": 17590,
    "FP": 2199,
    "FN": 7559,
    "precision": 0.8888776593056749,
    "recall": 0.7221466642161367,
    "f1": 0.7968843513927866,
    "base cnt": 27205,
    "comp cnt": 19789,
    "TP-comp_TP-gt": 14714,
    "TP-comp_FP-gt": 2876,
    "TP-base_TP-gt": 14716,
    "TP-base_FP-gt": 4930,
    "gt_concordance": 0.836498010233087,
    "gt_matrix": {
        "(1, 1)": {
            "(1, 1)": 4101,
            "(0, 1)": 283
        },
        "(1, 0)": {
            "(0, 1)": 5274,
            "(1, 1)": 2332
        },
        "(0, 1)": {
            "(1, 1)": 2315,
            "(0, 1)": 5341
        }
    }
}