{
    "TP-base": 22056,
    "TP-comp": 18796,
    "FP": 1217,
    "FN": 5149,
    "precision": 0.9391895268075751,
    "recall": 0.8107333210806837,
    "f1": 0.8702466455727108,
    "base cnt": 27205,
    "comp cnt": 20013
}