{
    "TP": 1021,
    "TN": 503,
    "FP": 744,
    "FN": 2252,
    "base P": 3324,
    "base N": 667,
    "comp P": 2764,
    "comp N": 1227,
    "PPV": 0.36939218523878437,
    "TPR": 0.3071600481347774,
    "TNR": 0.7541229385307346,
    "NPV": 0.4099429502852486,
    "ACC": 0.38185918316211476,
    "BA": 0.530641493332756,
    "F1": 0.33541392904073586,
    "UND": 0
}