{
    "TP-base": 20249,
    "TP-comp": 18207,
    "FP": 1806,
    "FN": 6956,
    "precision": 0.9097586568730325,
    "recall": 0.7443117074067267,
    "f1": 0.8187608385330932,
    "base cnt": 27205,
    "comp cnt": 20013,
    "TP-comp_TP-gt": 15461,
    "TP-comp_FP-gt": 2746,
    "TP-base_TP-gt": 15461,
    "TP-base_FP-gt": 4788,
    "gt_concordance": 0.849178887241171,
    "gt_matrix": {
        "(1, 1)": {
            "(1, 1)": 4234,
            "(0, 1)": 243
        },
        "(0, 1)": {
            "(0, 1)": 5672,
            "(1, 1)": 2278
        },
        "(1, 0)": {
            "(0, 1)": 5555,
            "(1, 1)": 2267
        }
    }
}