{
    "TP-base": 4135,
    "TP-comp": 3831,
    "FP": 798,
    "FN": 2863,
    "precision": 0.8276085547634479,
    "recall": 0.5908831094598457,
    "f1": 0.6894928304312057,
    "base cnt": 6998,
    "comp cnt": 4629,
    "TP-comp_TP-gt": 2979,
    "TP-comp_FP-gt": 852,
    "TP-base_TP-gt": 2979,
    "TP-base_FP-gt": 1156,
    "gt_concordance": 0.7776037588097102,
    "gt_matrix": {
        "(0, 1)": {
            "(0, 1)": 1287,
            "(1, 1)": 449,
            "(1, 0)": 16
        },
        "(1, 1)": {
            "(1, 1)": 385,
            "(0, 1)": 262,
            "(1, 0)": 6
        },
        "(1, 0)": {
            "(0, 1)": 1267,
            "(1, 1)": 439,
            "(1, 0)": 24
        }
    }
}