{
    "TP-base": 22138,
    "TP-comp": 18974,
    "FP": 1130,
    "FN": 5067,
    "precision": 0.9437922801432551,
    "recall": 0.8137474728910127,
    "f1": 0.8739587045751974,
    "base cnt": 27205,
    "comp cnt": 20104
}