{
    "TP": 980,
    "TN": 518,
    "FP": 724,
    "FN": 2270,
    "base P": 3310,
    "base N": 676,
    "comp P": 2816,
    "comp N": 1170,
    "PPV": 0.34801136363636365,
    "TPR": 0.29607250755287007,
    "TNR": 0.7662721893491125,
    "NPV": 0.4427350427350427,
    "ACC": 0.3758153537380833,
    "BA": 0.5311723484509913,
    "F1": 0.3199477636304277,
    "UND": 0
}