{
    "TP-base": 20407,
    "TP-comp": 18483,
    "FP": 1621,
    "FN": 6798,
    "precision": 0.9193692797453243,
    "recall": 0.750119463333946,
    "f1": 0.8261652479983614,
    "base cnt": 27205,
    "comp cnt": 20104,
    "TP-comp_TP-gt": 15752,
    "TP-comp_FP-gt": 2731,
    "TP-base_TP-gt": 15752,
    "TP-base_FP-gt": 4655,
    "gt_concordance": 0.8522426013093113,
    "gt_matrix": {
        "(1, 1)": {
            "(1, 1)": 4216,
            "(0, 1)": 328
        },
        "(1, 0)": {
            "(0, 1)": 5706,
            "(1, 1)": 2141
        },
        "(0, 1)": {
            "(0, 1)": 5830,
            "(1, 1)": 2186
        }
    }
}