{
    "TP-base": 3430,
    "TP-comp": 3056,
    "FP": 560,
    "FN": 2778,
    "precision": 0.8451327433628318,
    "recall": 0.5525128865979382,
    "f1": 0.6681904505463796,
    "base cnt": 6208,
    "comp cnt": 3616,
    "TP-comp_TP-gt": 2316,
    "TP-comp_FP-gt": 740,
    "TP-base_TP-gt": 2316,
    "TP-base_FP-gt": 1114,
    "gt_concordance": 0.7578534031413613,
    "gt_matrix": {
        "(1, 1)": {
            "(0, 1)": 172,
            "(1, 1)": 426,
            "(1, 0)": 7
        },
        "(1, 0)": {
            "(0, 1)": 897,
            "(1, 1)": 467,
            "(1, 0)": 21
        },
        "(0, 1)": {
            "(0, 1)": 950,
            "(1, 1)": 468,
            "(1, 0)": 22
        }
    }
}