{
    "TP-base": 21265,
    "TP-comp": 17880,
    "FP": 1570,
    "FN": 5940,
    "precision": 0.919280205655527,
    "recall": 0.7816577834956809,
    "f1": 0.8449014985228542,
    "base cnt": 27205,
    "comp cnt": 19450
}