{
    "TP": 1717,
    "TN": 7348,
    "FP": 940,
    "FN": 2596,
    "base P": 4431,
    "base N": 7673,
    "comp P": 3805,
    "comp N": 8299,
    "PPV": 0.4512483574244415,
    "TPR": 0.38749717896637326,
    "TNR": 0.957643685650984,
    "NPV": 0.8854078804675262,
    "ACC": 0.7489259748843358,
    "BA": 0.6725704323086786,
    "F1": 0.41694997571636716,
    "UND": 0
}