{
    "TP-base": 19201,
    "TP-comp": 17303,
    "FP": 2147,
    "FN": 8004,
    "precision": 0.8896143958868895,
    "recall": 0.705789376952766,
    "f1": 0.787111577508252,
    "base cnt": 27205,
    "comp cnt": 19450,
    "TP-comp_TP-gt": 14459,
    "TP-comp_FP-gt": 2844,
    "TP-base_TP-gt": 14460,
    "TP-base_FP-gt": 4741,
    "gt_concordance": 0.835635438941224,
    "gt_matrix": {
        "(1, 1)": {
            "(0, 1)": 404,
            "(1, 1)": 3972
        },
        "(1, 0)": {
            "(0, 1)": 5214,
            "(1, 1)": 2161
        },
        "(0, 1)": {
            "(1, 1)": 2176,
            "(0, 1)": 5274
        }
    }
}