{
    "TP": 1487,
    "TN": 6876,
    "FP": 632,
    "FN": 2495,
    "base P": 4044,
    "base N": 7074,
    "comp P": 2959,
    "comp N": 8159,
    "PPV": 0.5025346400811085,
    "TPR": 0.36770524233432245,
    "TNR": 0.9720101781170484,
    "NPV": 0.8427503370511092,
    "ACC": 0.7522036337470768,
    "BA": 0.6698577102256854,
    "F1": 0.424675139226046,
    "UND": 0
}