{
    "TP-base": 22324,
    "TP-comp": 18965,
    "FP": 939,
    "FN": 4881,
    "precision": 0.9528235530546624,
    "recall": 0.8205844513876126,
    "f1": 0.8817736139613845,
    "base cnt": 27205,
    "comp cnt": 19904
}