{
    "TP-base": 21282,
    "TP-comp": 18634,
    "FP": 1270,
    "FN": 5923,
    "precision": 0.936193729903537,
    "recall": 0.7822826686270906,
    "f1": 0.8523458687091605,
    "base cnt": 27205,
    "comp cnt": 19904,
    "TP-comp_TP-gt": 15334,
    "TP-comp_FP-gt": 3300,
    "TP-base_TP-gt": 15335,
    "TP-base_FP-gt": 5947,
    "gt_concordance": 0.8229043683589138,
    "gt_matrix": {
        "(1, 1)": {
            "(1, 1)": 4576,
            "(0, 1)": 103
        },
        "(1, 0)": {
            "(1, 1)": 2930,
            "(0, 1)": 5381
        },
        "(0, 1)": {
            "(0, 1)": 5378,
            "(1, 1)": 2914
        }
    }
}