{
    "TP-base": 22150,
    "TP-comp": 18788,
    "FP": 923,
    "FN": 5055,
    "precision": 0.9531733549794531,
    "recall": 0.8141885682778901,
    "f1": 0.8782161016358533,
    "base cnt": 27205,
    "comp cnt": 19711
}