{
    "TP": 1490,
    "TN": 6877,
    "FP": 609,
    "FN": 2636,
    "base P": 4188,
    "base N": 7059,
    "comp P": 2951,
    "comp N": 8296,
    "PPV": 0.5049135886140291,
    "TPR": 0.3557784145176695,
    "TNR": 0.9742173112338858,
    "NPV": 0.828953712632594,
    "ACC": 0.7439317151240331,
    "BA": 0.6649978628757777,
    "F1": 0.4174254097212494,
    "UND": 0
}