{
    "TP-base": 21097,
    "TP-comp": 18454,
    "FP": 1257,
    "FN": 6108,
    "precision": 0.9362285018517579,
    "recall": 0.7754824480793971,
    "f1": 0.8483076778902519,
    "base cnt": 27205,
    "comp cnt": 19711,
    "TP-comp_TP-gt": 15143,
    "TP-comp_FP-gt": 3311,
    "TP-base_TP-gt": 15144,
    "TP-base_FP-gt": 5953,
    "gt_concordance": 0.8205809038690799,
    "gt_matrix": {
        "(1, 1)": {
            "(1, 1)": 4563,
            "(0, 1)": 112
        },
        "(1, 0)": {
            "(1, 1)": 2933,
            "(0, 1)": 5300
        },
        "(0, 1)": {
            "(0, 1)": 5281,
            "(1, 1)": 2908
        }
    }
}