{
    "TP-base": 24749,
    "TP-comp": 21238,
    "FP": 1146,
    "FN": 2456,
    "precision": 0.9488027162258756,
    "recall": 0.9097224774857563,
    "f1": 0.928851715941973,
    "base cnt": 27205,
    "comp cnt": 22384
}