{
    "TP": 2261,
    "TN": 4580,
    "FP": 846,
    "FN": 928,
    "base P": 3376,
    "base N": 5042,
    "comp P": 3384,
    "comp N": 5034,
    "PPV": 0.668144208037825,
    "TPR": 0.6697274881516587,
    "TNR": 0.9083696945656485,
    "NPV": 0.909813269765594,
    "ACC": 0.812663340460917,
    "BA": 0.7890485913586536,
    "F1": 0.6689349112426035,
    "UND": 0
}