{
    "TP-base": 21321,
    "TP-comp": 19918,
    "FP": 2466,
    "FN": 5884,
    "precision": 0.8898320228734811,
    "recall": 0.7837162286344422,
    "f1": 0.8334098481549036,
    "base cnt": 27205,
    "comp cnt": 22384,
    "TP-comp_TP-gt": 18051,
    "TP-comp_FP-gt": 1867,
    "TP-base_TP-gt": 18051,
    "TP-base_FP-gt": 3270,
    "gt_concordance": 0.9062656893262375,
    "gt_matrix": {
        "(1, 1)": {
            "(1, 1)": 4442,
            "(0, 1)": 64,
            "(1, 0)": 50
        },
        "(1, 0)": {
            "(0, 1)": 5322,
            "(1, 1)": 1575,
            "(1, 0)": 1446
        },
        "(0, 1)": {
            "(0, 1)": 5351,
            "(1, 1)": 1581,
            "(1, 0)": 1490
        }
    }
}